{"cameraMode":{"drawMode":0,"name":"Shaded","section":"Shading Mode"},"sceneLighting":true,"audioPlay":false,"sceneViewState":{"m_AlwaysRefresh":false,"showFog":true,"showSkybox":true,"showFlares":true,"showImageEffects":true,"showParticleSystems":true,"showVisualEffectGraphs":true,"m_FxEnabled":true},"in2DMode":false,"pivot":{"x":-2.4968385696411135,"y":2.7822012901306154,"z":33.18718338012695},"rotation":{"x":0.2516542077064514,"y":-0.008710273541510105,"z":0.002263248898088932,"w":0.9677802324295044},"size":2.2773678302764894,"orthographic":true}